date,CPI,CCI,Web_Visits,Web_Visitors,Avg_Temp (C),Avg_Min (C),Avg_Max (C),Avg_Sum_Rainfall (mm),Google_Search_Trend,NPS Score,New Years Day,Good Friday,Easter Sunday,Easter Monday,May Bank Holiday,Spring Bank Holiday,Halloween,Guy Fawkes Day,Christmas Day,Boxing Day,October Holiday Dates A,October Holiday Dates C,Christmas Holiday Dates A,February Holiday Dates A,February Holiday Dates C,Easter Holiday Dates A,May Holiday Dates A,Summer Holiday Dates A
27/07/2015,0.1,101.4982,0,0,14.10171376,10.02271934,18.34392988,26.35668681,476,0,0,0,0,0,0,0,0,0,0,0,0,,0,0,,0,0,1
03/08/2015,0,101.484,0,0,16.30479243,11.89861329,20.73556602,5.980164835,483,0,0,0,0,0,0,0,0,0,0,0,0,,0,0,,0,0,1
10/08/2015,0,101.484,0,0,15.55139107,11.72608146,19.39191959,24.22839011,462,0,0,0,0,0,0,0,0,0,0,0,0,,0,0,,0,0,1
17/08/2015,0,101.484,0,0,16.81013431,12.89584424,21.01360544,24.74336813,455,0,0,0,0,0,0,0,0,0,0,0,0,,0,0,,0,0,1
24/08/2015,0,101.484,0,0,14.79689953,11.52104047,18.47651753,37.83971978,413,0,0,0,0,0,0,0,0,0,0,0,0,,0,0,,0,0,1
31/08/2015,0,101.484,0,0,12.37290686,9.084195011,16.15185854,16.24064835,371,0,0,0,0,0,0,0,0,0,0,0,0,,0,0,,0,0,1
07/09/2015,-0.1,101.4328,0,0,13.53848334,9.447649573,17.91845456,6.077857143,336,0,0,0,0,0,0,0,0,0,0,0,0,,0,0,,0,0,0
14/09/2015,-0.1,101.4328,0,0,12.51430316,8.69405198,16.85217164,22.22081319,315,0,0,0,0,0,0,0,0,0,0,0,0,,0,0,,0,0,0
21/09/2015,-0.1,101.4328,0,0,11.95507329,8.186142121,16.01015078,20.21881868,350,0,0,0,0,0,0,0,0,0,0,0,0,,0,0,,0,0,0
28/09/2015,-0.1,101.4328,0,0,11.77452904,7.259702599,16.70543346,0.367741758,357,0,0,0,0,0,0,0,0,0,0,0,0,,0,0,,0,0,0
05/10/2015,-0.1,101.4223,0,0,12.19365952,8.62244898,15.71869004,25.18786813,329,0,0,0,0,0,0,0,0,0,0,0,0,,0,0,,0,0,0
12/10/2015,-0.1,101.4223,0,0,9.532618175,6.632042561,12.88066893,3.90839011,343,0,0,0,0,0,0,0,0,0,0,0,0,,0,0,,0,0,0
19/10/2015,-0.1,101.4223,0,0,10.38005843,6.846982383,13.36156899,18.31591209,343,0,0,0,0,0,0,0,0,0,0,0,0,,0,0,,0,0,0
26/10/2015,0.1,101.4575,0,0,11.6917626,8.432605093,14.87942613,30.1611044,371,43.462898,0,0,0,0,0,0,1,0,0,0,1,,0,0,,0,0,0
02/11/2015,0.1,101.4575,0,0,11.53791645,8.940759637,13.81892116,29.04462088,287,43.462898,0,0,0,0,0,0,0,1,0,0,0,,0,0,,0,0,0
09/11/2015,0.1,101.4575,0,0,11.66998081,9.009092098,13.98829147,35.18179121,266,43.462898,0,0,0,0,0,0,0,0,0,0,0,,0,0,,0,0,0
16/11/2015,0.1,101.4575,0,0,7.573393317,4.997788954,10.15220362,30.52540883,238,43.462898,0,0,0,0,0,0,0,0,0,0,0,,0,0,,0,0,0
23/11/2015,0.1,101.4575,0,0,7.470499738,4.374324089,9.991692831,25.37767033,259,43.462898,0,0,0,0,0,0,0,0,0,0,0,,0,0,,0,0,0
30/11/2015,0.2,101.5805,0,0,10.12980306,7.434639708,12.13468086,48.06155746,252,47.148289,0,0,0,0,0,0,0,0,0,0,0,,0,0,,0,0,0
07/12/2015,0.2,101.5805,0,0,8.144972091,4.974707832,10.74236874,33.85666484,252,47.148289,0,0,0,0,0,0,0,0,0,0,0,,0,0,,0,0,0
14/12/2015,0.2,101.5805,0,0,11.12452032,9.205956742,12.73347288,20.76798901,252,47.148289,0,0,0,0,0,0,0,0,0,0,0,,0,0,,0,0,0
21/12/2015,0.2,101.5805,0,0,9.418253968,6.579267399,11.93377289,45.49804308,245,47.148289,0,0,0,0,0,0,0,0,1,1,0,,1,0,,0,0,0
28/12/2015,0.3,101.5875,0,0,8.163137973,5.595567766,10.30892552,46.80790154,364,49.86376,1,0,0,0,0,0,0,0,0,0,0,,1,0,,0,0,0
04/01/2016,0.3,101.5875,0,0,6.101081458,3.763321995,8.188906332,58.95312088,252,49.86376,0,0,0,0,0,0,0,0,0,0,0,,0,0,,0,0,0
11/01/2016,0.3,101.5875,0,0,3.058346415,1.149463632,4.98155416,24.7322033,273,49.86376,0,0,0,0,0,0,0,0,0,0,0,,0,0,,0,0,0
18/01/2016,0.3,101.5875,0,0,5.273354071,2.265699395,7.856886867,17.63232438,294,49.86376,0,0,0,0,0,0,0,0,0,0,0,,0,0,,0,0,0
25/01/2016,0.3,101.5875,0,0,8.165511076,4.691173905,10.91326531,27.09775275,266,49.86376,0,0,0,0,0,0,0,0,0,0,0,,0,0,,0,0,0
01/02/2016,0.3,101.4673,0,0,7.541274202,4.674079888,9.75643206,25.81728571,266,45.558272,0,0,0,0,0,0,0,0,0,0,0,,0,0,,0,0,0
08/02/2016,0.3,101.4673,0,0,4.025226757,1.583660387,6.523874935,23.33101648,294,45.558272,0,0,0,0,0,0,0,0,0,0,0,,0,0,,0,0,0
15/02/2016,0.3,101.4673,0,0,4.986176522,2.092120181,7.889106925,21.94518132,364,45.558272,0,0,0,0,0,0,0,0,0,0,0,,0,1,,0,0,0
22/02/2016,0.3,101.4673,0,0,3.495203209,0.34763649,6.694160998,6.431642857,287,45.558272,0,0,0,0,0,0,0,0,0,0,0,,0,0,,0,0,0
29/02/2016,0.5,101.4673,0,0,4.419653759,1.211843712,7.287545788,31.88118681,294,51.94085,0,0,0,0,0,0,0,0,0,0,0,,0,0,,0,0,0
07/03/2016,0.5,101.3286,0,0,5.221895168,1.713740624,8.657814408,27.73763736,322,51.94085,0,0,0,0,0,0,0,0,0,0,0,,0,0,,0,0,0
14/03/2016,0.5,101.3286,0,0,5.878117914,2.826835863,9.034733124,0.435428571,343,51.94085,0,0,0,0,0,0,0,0,0,0,0,,0,0,,0,0,0
21/03/2016,0.5,101.3286,0,0,7.374258678,4.26170853,10.42253183,16.80517033,511,51.94085,0,1,1,0,0,0,0,0,0,0,0,,0,0,,1,0,0
28/03/2016,0.5,101.3286,0,0,7.140048517,3.358048918,10.86531194,40.07793325,497,51.94085,0,0,0,1,0,0,0,0,0,0,0,,0,0,,1,0,0
04/04/2016,0.3,101.1893,0,0,7.448826967,3.975819815,10.83485958,17.82535714,406,45.134576,0,0,0,0,0,0,0,0,0,0,0,,0,0,,1,0,0
11/04/2016,0.3,101.1893,0,0,7.808019362,4.1425955,11.44006192,22.41829121,378,45.134576,0,0,0,0,0,0,0,0,0,0,0,,0,0,,0,0,0
18/04/2016,0.3,101.1893,0,0,7.96892988,3.486459969,11.83163265,4.154016484,336,45.134576,0,0,0,0,0,0,0,0,0,0,0,,0,0,,0,0,0
25/04/2016,0.3,101.1893,0,0,5.993676958,1.729133961,9.941653585,16.47301648,350,56.621481,0,0,0,0,0,0,0,0,0,0,0,,0,0,,0,0,0
02/05/2016,0.3,101.0329,0,0,12.32624717,6.742848421,17.32476452,8.021236264,427,56.621481,0,0,0,0,1,0,0,0,0,0,0,,0,0,,0,0,0
09/05/2016,0.3,101.0329,0,0,13.03553986,9.122645212,17.05939299,21.32204396,364,56.621481,0,0,0,0,0,0,0,0,0,0,0,,0,0,,0,0,0
16/05/2016,0.3,101.0329,0,0,12.0831589,8.490820687,15.51720304,19.41355495,371,56.621481,0,0,0,0,0,0,0,0,0,0,0,,0,0,,0,0,0
23/05/2016,0.3,101.0329,0,0,12.02531397,7.879077272,16.10760073,8.875346154,399,56.621481,0,0,0,0,0,0,0,0,0,0,0,,0,0,,0,0,0
30/05/2016,0.5,101.0329,0,0,13.11623496,9.567503925,16.6559611,10.32677473,511,56.621481,0,0,0,0,0,1,0,0,0,0,0,,0,0,,0,1,0
06/06/2016,0.5,100.7658,0,0,16.31436421,12.19793302,20.57169021,22.15242857,350,48.742747,0,0,0,0,0,0,0,0,0,0,0,,0,0,,0,0,0
13/06/2016,0.5,100.7658,0,0,14.04698674,11.43816501,16.86804465,46.11704945,301,48.742747,0,0,0,0,0,0,0,0,0,0,0,,0,0,,0,0,0
20/06/2016,0.5,100.7658,0,0,15.36477411,12.03185505,18.7621228,33.18537912,294,48.742747,0,0,0,0,0,0,0,0,0,0,0,,0,0,,0,0,0
27/06/2016,0.6,100.7658,0,0,13.87598116,10.37944793,17.08671289,27.78927473,315,59.46924,0,0,0,0,0,0,0,0,0,0,0,,0,0,,0,0,0
04/07/2016,0.6,100.4069,0,0,15.98314582,12.22560178,19.43890633,12.19409341,357,59.46924,0,0,0,0,0,0,0,0,0,0,0,,0,0,,0,0,0
11/07/2016,0.6,100.4069,0,0,15.62279784,12.07376156,19.16095413,13.21288462,350,59.46924,0,0,0,0,0,0,0,0,0,0,0,,0,0,,0,0,0
18/07/2016,0.6,100.4069,0,0,19.49199808,14.56244186,23.88739534,6.237421245,413,59.46924,0,0,0,0,0,0,0,0,0,0,0,,0,0,,0,0,0
25/07/2016,0.6,100.4069,0,0,16.10251323,12.68312475,19.34541616,16.66630769,469,59.46924,0,0,0,0,0,0,0,0,0,0,0,,0,0,,0,0,1
01/08/2016,0.6,100.4041,0,0,16.78474766,13.10088523,20.12980769,24.18454487,497,56.18878,0,0,0,0,0,0,0,0,0,0,0,,0,0,,0,0,1
08/08/2016,0.6,100.4041,0,0,15.67732862,12.08503401,19.19549102,7.044313187,476,56.18878,0,0,0,0,0,0,0,0,0,0,0,,0,0,,0,0,1
15/08/2016,0.6,100.4041,0,0,16.70015699,12.60899616,20.90772719,14.25191209,455,56.18878,0,0,0,0,0,0,0,0,0,0,0,,0,0,,0,0,1
22/08/2016,0.6,100.4041,0,0,18.00987703,13.76774812,22.27352608,23.56408242,483,56.18878,0,0,0,0,0,0,0,0,0,0,0,,0,0,,0,0,1
29/08/2016,1,100.6383,0,0,16.20098552,12.3173731,19.89165795,19.37238462,476,56.18878,0,0,0,0,0,0,0,0,0,0,0,,0,0,,0,0,1
05/09/2016,1,100.6383,0,0,17.22828362,13.70094192,20.6019318,19.32912088,364,51.041667,0,0,0,0,0,0,0,0,0,0,0,,0,0,,0,0,0
12/09/2016,1,100.6383,0,0,16.80374586,12.83028083,20.82051282,11.20042308,371,51.041667,0,0,0,0,0,0,0,0,0,0,0,,0,0,,0,0,0
19/09/2016,1,100.6383,0,0,14.41740799,10.62469475,17.77237049,19.52031868,350,51.041667,0,0,0,0,0,0,0,0,0,0,0,,0,0,,0,0,0
26/09/2016,1,100.74,215372,193326,13.04563492,9.273024594,16.6164748,21.88865934,336,52.951862,0,0,0,0,0,0,0,0,0,0,0,,0,0,,0,0,0
03/10/2016,0.9,100.74,603393,545867,11.87297227,8.366889063,15.11784842,2.910532967,308,52.951862,0,0,0,0,0,0,0,0,0,0,0,,0,0,,0,0,0
10/10/2016,0.9,100.74,622060,563408,10.25632304,6.947627769,13.53342491,14.68106044,322,52.951862,0,0,0,0,0,0,0,0,0,0,0,,0,0,,0,0,0
17/10/2016,0.9,100.74,732829,659476,9.692155067,6.946690215,12.66828013,17.21617582,350,52.951862,0,0,0,0,0,0,0,0,0,0,0,,0,0,,0,0,0
24/10/2016,0.9,100.74,851854,759306,11.15039201,8.493634966,13.59856859,4.190201921,420,52.951862,0,0,0,0,0,0,0,0,0,0,1,,0,0,,0,0,0
31/10/2016,1.2,100.74,637839,578009,7.040682275,3.712715856,10.2852548,6.04038258,301,54.727031,0,0,0,0,0,0,1,1,0,0,0,,0,0,,0,0,0
07/11/2016,1.2,100.6816,503420,456230,5.978872318,2.946995465,8.715484912,41.24848352,245,54.727031,0,0,0,0,0,0,0,0,0,0,0,,0,0,,0,0,0
14/11/2016,1.2,100.6816,517527,472480,7.281811443,4.779587476,9.527407117,36.96956044,245,54.727031,0,0,0,0,0,0,0,0,0,0,0,,0,0,,0,0,0
21/11/2016,1.2,100.6816,535313,488599,5.888779871,3.169304901,8.250174429,31.89932967,238,54.727031,0,0,0,0,0,0,0,0,0,0,0,,0,0,,0,0,0
28/11/2016,1.6,100.6816,574028,523638,3.85989011,0.716030002,7.010749171,1.207197802,259,54.727031,0,0,0,0,0,0,0,0,0,0,0,,0,0,,0,0,0
05/12/2016,1.6,100.6259,505064,461585,8.545918367,5.75054509,10.71690215,17.5580989,280,52.853598,0,0,0,0,0,0,0,0,0,0,0,,0,0,,0,0,0
12/12/2016,1.6,100.6259,459650,417264,7.618785976,4.817896389,9.685003489,7.611626374,245,52.853598,0,0,0,0,0,0,0,0,0,0,0,,0,0,,0,0,0
19/12/2016,1.6,100.6259,385207,350978,6.938730159,4.09021978,9.033211233,14.48503385,238,52.853598,0,0,0,0,0,0,0,0,1,0,0,,1,0,,0,0,0
26/12/2016,1.8,100.6259,791086,709942,4.565531136,1.677081807,7.351672772,9.699283077,378,52.853598,1,0,0,0,0,0,0,0,0,1,0,,1,0,,0,0,0
02/01/2017,1.8,100.5549,603373,545753,4.6316719,1.677372231,7.017442875,16.92589011,336,51.677244,0,0,0,0,0,0,0,0,0,0,0,,1,0,,0,0,0
09/01/2017,1.8,100.5549,497255,453018,5.251351823,2.387689691,7.609672074,24.26816484,287,51.677244,0,0,0,0,0,0,0,0,0,0,0,,0,0,,0,0,0
16/01/2017,1.8,100.5549,544712,493897,3.431623932,0.9781528,5.886861155,7.243186813,280,51.677244,0,0,0,0,0,0,0,0,0,0,0,,0,0,,0,0,0
23/01/2017,1.8,100.5549,514673,468069,3.31680621,0.31765655,5.899071167,7.627675824,308,51.677244,0,0,0,0,0,0,0,0,0,0,0,,0,0,,0,0,0
30/01/2017,2.3,100.5549,626996,571355,6.592796093,4.37585034,8.621489621,33.9404011,308,51.677244,0,0,0,0,0,0,0,0,0,0,0,,0,0,,0,0,0
06/02/2017,2.3,100.4909,602626,547491,2.796485261,0.746097157,4.776233357,14.09420879,336,51.282051,0,0,0,0,0,0,0,0,0,0,0,,0,0,,0,0,0
13/02/2017,2.3,100.4909,790530,708225,7.344802023,4.781637014,10.05126025,7.315758242,413,51.282051,0,0,0,0,0,0,0,0,0,0,0,,0,1,,0,0,0
20/02/2017,2.3,100.4909,671343,603645,8.439668585,5.982902494,10.64926391,23.05463099,385,51.282051,0,0,0,0,0,0,0,0,0,0,0,,0,0,1,0,0,0
27/02/2017,2.3,100.4909,629534,569954,5.747885051,3.121882086,8.354940694,34.13299451,315,52.732502,0,0,0,0,0,0,0,0,0,0,0,,0,0,,0,0,0
06/03/2017,2.3,100.4679,707552,643580,8.503958628,5.363065359,11.27795666,17.94068989,378,52.732502,0,0,0,0,0,0,0,0,0,0,0,,0,0,,0,0,0
13/03/2017,2.3,100.4679,699829,632675,9.508743241,6.188383046,12.4113902,11.35254396,364,52.732502,0,0,0,0,0,0,0,0,0,0,0,,0,0,,0,0,0
20/03/2017,2.3,100.4679,721816,648812,7.124262312,3.169541107,11.02738168,22.49481685,385,52.732502,0,0,0,0,0,0,0,0,0,0,0,,0,0,,0,0,0
27/03/2017,2.7,100.4679,873556,789545,10.39525554,6.986307343,14.0175955,19.40169231,399,52.732502,0,0,0,0,0,0,0,0,0,0,0,,0,0,,0,0,0
03/04/2017,2.7,100.4476,1123549,1004432,9.901077098,4.711516658,14.81344846,2.099686813,602,52.292683,0,0,0,0,0,0,0,0,0,0,0,,0,0,,1,0,0
10/04/2017,2.7,100.4476,1556550,1377152,9.037523984,5.557779522,12.26338741,5.161642857,700,52.292683,0,1,1,0,0,0,0,0,0,0,0,,0,0,,1,0,0
17/04/2017,2.7,100.4476,1000085,889092,9.026513169,5.030917495,12.64163614,2.789813187,553,52.292683,0,0,0,1,0,0,0,0,0,0,0,,0,0,,1,0,0
24/04/2017,2.7,100.4476,825740,740749,7.757173382,3.596916972,11.34735304,6.033197802,392,52.292683,0,0,0,0,0,0,0,0,0,0,0,,0,0,,0,0,0
01/05/2017,2.9,100.391,890225,799233,10.43179836,6.679269144,14.35199721,7.467181319,434,55.950096,0,0,0,0,1,0,0,0,0,0,0,,0,0,,0,0,0
08/05/2017,2.9,100.391,741483,666756,11.29561312,6.88816937,15.52738531,8.324082418,371,55.950096,0,0,0,0,0,0,0,0,0,0,0,,0,0,,0,0,0
15/05/2017,2.9,100.391,722931,651140,12.3695491,8.533446712,15.70728676,44.29369231,378,55.950096,0,0,0,0,0,0,0,0,0,0,0,,0,0,,0,0,0
22/05/2017,2.9,100.391,856326,767252,16.94191523,11.65990755,21.79295308,4.899269231,399,55.950096,0,0,0,0,0,0,0,0,0,0,0,,0,0,,0,0,0
29/05/2017,2.9,100.391,1012481,901440,14.925955,10.88814757,18.51548055,14.7634011,525,55.950096,0,0,0,0,0,1,0,0,0,0,0,,0,0,,0,1,0
05/06/2017,2.6,100.2796,699747,630001,14.03863597,11.0825266,17.16272022,43.02439011,336,53.128008,0,0,0,0,0,0,0,0,0,0,0,,0,0,,0,0,0
12/06/2017,2.6,100.2796,818261,742929,17.25174429,12.40378074,21.49387319,2.618153846,385,53.128008,0,0,0,0,0,0,0,0,0,0,0,,0,0,,0,0,0
19/06/2017,2.6,100.2796,724604,652531,18.35280394,14.00497122,22.4150314,3.634851648,343,53.128008,0,0,0,0,0,0,0,0,0,0,0,,0,0,,0,0,0
26/06/2017,2.6,100.2796,756243,681135,14.50067591,11.45187947,17.52387493,42.15353297,392,58.705994,0,0,0,0,0,0,0,0,0,0,0,,0,0,,0,0,0
03/07/2017,2.6,100.2379,812506,728401,17.82145038,13.13147567,22.1880996,6.174153846,378,58.705994,0,0,0,0,0,0,0,0,0,0,0,,0,0,,0,0,0
10/07/2017,2.6,100.2379,791002,710385,15.98694339,12.39290123,19.44876837,24.69925566,399,58.705994,0,0,0,0,0,0,0,0,0,0,0,,0,0,,0,0,0
17/07/2017,2.6,100.2379,848568,761918,16.5084493,12.26070072,20.49612865,36.37878042,448,58.705994,0,0,0,0,0,0,0,0,0,0,0,,0,0,,0,0,0
24/07/2017,2.6,100.2379,977619,871008,15.5995116,12.6068158,18.98765917,37.4008022,504,58.705994,0,0,0,0,0,0,0,0,0,0,0,,0,0,,0,0,1
31/07/2017,2.9,100.2379,1105287,985129,15.46633525,11.99247776,18.8343363,18.75482967,574,58.705994,0,0,0,0,0,0,0,0,0,0,0,,0,0,,0,0,1
07/08/2017,2.9,100.198,1078658,958126,14.69642857,10.8622667,18.11390197,33.77851099,546,48.377863,0,0,0,0,0,0,0,0,0,0,0,,0,0,,0,0,1
14/08/2017,2.9,100.198,1083218,961938,15.44935025,11.58012821,19.21535409,26.28132418,539,48.377863,0,0,0,0,0,0,0,0,0,0,0,,0,0,,0,0,1
21/08/2017,2.9,100.198,1134237,1003833,16.7118001,12.85720827,20.44579627,14.93785165,546,48.377863,0,0,0,0,0,0,0,0,0,0,0,,0,0,,0,0,1
28/08/2017,3,100.198,1079078,957256,14.47778214,10.07236613,18.71834118,11.91636813,525,48.377863,0,0,0,0,0,0,0,0,0,0,0,,0,0,,0,0,1
04/09/2017,3,100.1899,792436,711148,14.26253707,11.36075862,17.08324612,34.17346703,392,45.895153,0,0,0,0,0,0,0,0,0,0,0,,0,0,,0,0,0
11/09/2017,3,100.1899,787561,708258,11.67406899,8.475045788,15.15127696,35.37438462,378,45.895153,0,0,0,0,0,0,0,0,0,0,0,,0,0,,0,0,0
18/09/2017,3,100.1899,811296,725485,12.99348799,8.91982092,16.56740944,13.72332692,385,45.895153,0,0,0,0,0,0,0,0,0,0,0,,0,0,,0,0,0
25/09/2017,3,100.216,746422,670345,14.19182801,11.26007326,17.05429095,28.98600549,378,51.881994,0,0,0,0,0,0,0,0,0,0,0,,0,0,,0,0,0
02/10/2017,3,100.216,834840,749908,12.02803942,9.116714635,14.67848421,11.92125275,350,51.881994,0,0,0,0,0,0,0,0,0,0,0,,0,0,,0,0,0
09/10/2017,3,100.216,837544,749743,14.07450288,11.1268097,16.62578493,9.690379121,385,51.881994,0,0,0,0,0,0,0,0,0,0,0,,0,0,,0,0,0
16/10/2017,3,100.216,851878,759747,12.24457091,9.911433804,14.57169021,30.77447253,413,51.881994,0,0,0,0,0,0,0,0,0,0,0,,0,0,,0,0,0
23/10/2017,3,100.216,1061219,939145,11.87604657,8.173752834,14.65831589,8.427357143,483,51.881994,0,0,0,0,0,0,0,0,0,0,1,,0,0,,0,0,0
30/10/2017,3.1,100.2257,801143,721169,8.644688645,5.159340659,11.69309262,10.6686978,336,51.881994,0,0,0,0,0,0,1,1,0,0,0,,0,0,,0,0,0
06/11/2017,3.1,100.2257,656092,591030,7.328405721,3.821428571,10.32986656,22.05334066,308,35.56701,0,0,0,0,0,0,0,0,0,0,0,,0,0,,0,0,0
13/11/2017,3.1,100.2257,637682,576036,6.869025815,3.356314321,9.622492587,7.883071429,301,35.56701,0,0,0,0,0,0,0,0,0,0,0,,0,0,,0,0,0
20/11/2017,3.1,100.2257,612372,554008,7.707025118,4.91113986,10.22123783,28.52685165,301,35.56701,0,0,0,0,0,0,0,0,0,0,0,,0,0,,0,0,0
27/11/2017,3.1,100.2385,749317,682258,4.452773417,2.001766091,6.613945578,14.69362088,294,46.675031,0,0,0,0,0,0,0,0,0,0,0,,0,0,,0,0,0
04/12/2017,3,100.2385,598869,540790,4.991213152,2.552154195,7.052415838,19.48473077,266,46.675031,0,0,0,0,0,0,0,0,0,0,0,,0,0,,0,0,0
11/12/2017,3,100.2385,524748,472334,3.026585848,-4.35E-02,5.768514885,32.70738462,238,46.675031,0,0,0,0,0,0,0,0,0,0,0,,0,0,,0,0,0
18/12/2017,3,100.2385,513388,461804,7.854918891,5.820643642,9.630995988,8.739274725,266,46.675031,0,0,0,0,0,0,0,0,0,0,0,,1,0,,0,0,0
25/12/2017,3,100.2385,722873,642957,5.255592186,1.940793651,7.846068376,54.92066154,343,46.675031,0,0,0,0,0,0,0,0,1,1,0,,1,0,,0,0,0
01/01/2018,3,100.2844,778337,695291,5.138366475,2.681501832,7.577031223,33.78409341,371,47.95383,1,0,0,0,0,0,0,0,0,0,0,,1,0,,0,0,0
08/01/2018,3,100.2844,656346,589481,4.460186639,2.573020234,6.10594366,8.725318681,357,47.95383,0,0,0,0,0,0,0,0,0,0,0,,0,0,,0,0,0
15/01/2018,3,100.2844,597825,538476,4.066086691,1.494461887,6.73489011,37.42662088,343,47.95383,0,0,0,0,0,0,0,0,0,0,0,,0,0,,0,0,0
22/01/2018,3,100.2844,634301,569153,7.520037502,4.605289552,10.0479461,33.8134011,301,47.95383,0,0,0,0,0,0,0,0,0,0,0,,0,0,,0,0,0
29/01/2018,3,100.3584,779273,703543,4.603959533,2.009135706,6.950266004,17.04381868,315,48.730964,0,0,0,0,0,0,0,0,0,0,0,,0,0,,0,0,0
05/02/2018,2.7,100.3584,695269,624303,2.635531136,-0.532225711,5.485871272,18.18123626,315,48.730964,0,0,0,0,0,0,0,0,0,0,0,,0,0,,0,0,0
12/02/2018,2.7,100.3584,841098,743026,4.234388627,0.90321385,7.318485086,19.91527473,399,48.730964,0,0,0,0,0,0,0,0,0,0,0,,0,1,,0,0,0
19/02/2018,2.7,100.3584,778649,691834,3.675039246,1.021454736,6.572714983,6.187412088,350,48.730964,0,0,0,0,0,0,0,0,0,0,0,,0,0,1,0,0,0
26/02/2018,2.7,100.424,638241,571660,-0.814669458,-3.012667888,1.277821385,10.15790659,259,51.038961,0,0,0,0,0,0,0,0,0,0,0,,0,0,,0,0,0
05/03/2018,2.5,100.424,716915,642287,6.010749171,2.883765044,9.135160474,31.98655495,336,51.038961,0,0,0,0,0,0,0,0,0,0,0,,0,0,,0,0,0
12/03/2018,2.5,100.424,668614,597656,5.09811617,2.50194052,7.759092098,29.08858242,322,51.038961,0,0,0,0,0,0,0,0,0,0,0,,0,0,,0,0,0
19/03/2018,2.5,100.424,945509,847309,5.277690563,2.017726321,8.399921507,7.410659341,364,51.038961,0,0,0,0,0,0,0,0,0,0,0,,0,0,,0,0,0
26/03/2018,2.5,100.455,1427964,1258545,5.360064539,2.38173731,8.417909471,35.4002033,532,51.038961,0,1,1,0,0,0,0,0,0,0,0,,0,0,,1,0,0
02/04/2018,2.4,100.455,1173348,1029908,8.00612681,4.435330542,11.3331153,36.54180769,581,49.52381,0,0,0,1,0,0,0,0,0,0,0,,0,0,,1,0,0
09/04/2018,2.4,100.455,1110217,984887,8.480354962,6.226592631,11.08302808,21.57743956,469,49.52381,0,0,0,0,0,0,0,0,0,0,0,,0,0,,1,0,0
16/04/2018,2.4,100.455,914785,810226,13.8270539,9.009658992,18.47830542,8.862785714,427,49.52381,0,0,0,0,0,0,0,0,0,0,0,,0,0,,0,0,0
23/04/2018,2.4,100.455,899285,804896,8.643958224,6.027679662,11.38715914,23.90437729,364,49.52381,0,0,0,0,0,0,0,0,0,0,0,,0,0,,0,0,0
30/04/2018,2.4,100.5348,1254477,1115642,10.83344235,5.765502355,15.32943049,13.92254945,434,53.748558,0,0,0,0,0,0,0,0,0,0,0,,0,0,,0,0,0
07/05/2018,2.4,100.5348,1201547,1068855,12.37340834,7.257173382,16.73454125,11.72098352,483,53.748558,0,0,0,0,1,0,0,0,0,0,0,,0,0,,0,0,0
14/05/2018,2.4,100.5348,962134,859895,12.3179618,6.553854875,17.20153061,0.768978022,385,53.748558,0,0,0,0,0,0,0,0,0,0,0,,0,0,,0,0,0
21/05/2018,2.4,100.5348,1218472,1092017,14.72124106,10.1383656,19.47789116,19.07372527,427,53.748558,0,0,0,0,0,0,0,0,0,0,0,,0,0,,0,0,0
28/05/2018,2.4,100.5614,1153922,1009789,16.54683412,13.02380952,20.44612332,14.50172527,546,54.680135,0,0,0,0,0,1,0,0,0,0,0,,0,0,,0,1,0
04/06/2018,2.4,100.5614,868192,772512,14.96009942,11.06641374,18.79751003,1.851269231,385,54.680135,0,0,0,0,0,0,0,0,0,0,0,,0,0,,0,0,0
11/06/2018,2.4,100.5614,854024,761274,14.82033839,10.67992325,18.48776818,4.93067033,385,54.680135,0,0,0,0,0,0,0,0,0,0,0,,0,0,,0,0,0
18/06/2018,2.4,100.5614,855488,761058,15.56019326,10.53891457,20.01138067,4.357076923,385,54.680135,0,0,0,0,0,0,0,0,0,0,0,,0,0,,0,0,0
25/06/2018,2.5,100.6137,911461,811567,19.18029957,12.32876588,25.47738725,0.273538462,413,56.6759,0,0,0,0,0,0,0,0,0,0,0,,0,0,,0,0,0
02/07/2018,2.5,100.6137,926126,826494,19.45461945,13.49369513,25.0036303,1.929423077,378,56.6759,0,0,0,0,0,0,0,0,0,0,0,,0,0,,0,0,0
09/07/2018,2.5,100.6137,904851,801383,18.13235871,13.19522574,22.80192162,4.5086163,399,56.6759,0,0,0,0,0,0,0,0,0,0,0,,0,0,,0,0,0
16/07/2018,2.5,100.6137,1023239,905990,18.29662698,13.40135328,22.78512922,7.590692308,462,56.6759,0,0,0,0,0,0,0,0,0,0,0,,0,0,,0,0,0
23/07/2018,2.5,100.6137,1110156,982520,19.63341619,14.53390459,24.50793651,23.45452747,504,56.6759,0,0,0,0,0,0,0,0,0,0,0,,0,0,,0,0,1
30/07/2018,2.7,100.6137,1272967,1121099,18.96583377,14.16830194,23.68400052,12.25968681,539,57.384515,0,0,0,0,0,0,0,0,0,0,0,,0,0,,0,0,1
06/08/2018,2.7,100.561,1139120,1000442,16.58693093,12.15650619,20.72228763,29.24907692,532,57.384515,0,0,0,0,0,0,0,0,0,0,0,,0,0,,0,0,1
13/08/2018,2.7,100.561,1123754,984439,17.1626112,13.96289028,20.39575702,20.68076374,532,57.384515,0,0,0,0,0,0,0,0,0,0,0,,0,0,,0,0,1
20/08/2018,2.7,100.561,1135668,994304,15.39907117,11.84547793,18.98257893,17.63276374,518,57.384515,0,0,0,0,0,0,0,0,0,0,0,,0,0,,0,0,1
27/08/2018,2.7,100.561,1149147,1003584,15.25,11.01415053,19.14645474,19.26422527,525,57.384515,0,0,0,0,0,0,0,0,0,0,0,,0,0,,0,0,1
03/09/2018,2.4,100.4408,888552,789373,14.15910082,10.12846677,17.98918542,8.309428571,406,54.179016,0,0,0,0,0,0,0,0,0,0,0,,0,0,,0,0,1
10/09/2018,2.4,100.4408,849592,754062,14.13640328,10.49662044,17.61401099,11.91567033,385,54.179016,0,0,0,0,0,0,0,0,0,0,0,,0,0,,0,0,0
17/09/2018,2.4,100.4408,756325,671416,13.36967992,10.25710797,17.21382784,41.5303956,385,54.179016,0,0,0,0,0,0,0,0,0,0,0,,0,0,,0,0,0
24/09/2018,2.4,100.4408,784981,696503,11.24981511,6.34537851,15.83843973,0.441708791,357,54.179016,0,0,0,0,0,0,0,0,0,0,0,,0,0,,0,0,0
01/10/2018,2.4,100.3129,851092,759152,11.42290249,7.675279086,15.06338305,11.96660989,364,53.22449,0,0,0,0,0,0,0,0,0,0,0,,0,0,,0,0,0
08/10/2018,2.4,100.3129,771515,686181,14.41047445,10.54275685,18.27803942,32.47082967,357,53.22449,0,0,0,0,0,0,0,0,0,0,0,,0,0,,0,0,0
15/10/2018,2.4,100.3129,896549,796488,11.17752486,7.370835514,14.98349468,20.57679121,378,53.22449,0,0,0,0,0,0,0,0,0,0,0,,0,0,,0,0,0
22/10/2018,2.4,100.3129,998516,881035,8.209597942,4.9138322,11.25176609,9.314263736,441,53.22449,0,0,0,0,0,0,0,0,0,0,1,,0,0,,0,0,0
29/10/2018,2.4,100.3129,801221,710860,6.84392988,2.793236525,10.30958922,17.36271429,371,53.22449,0,0,0,0,0,0,1,0,0,0,0,1,0,0,,0,0,0
05/11/2018,2.3,100.1485,755228,684628,9.990640509,7.225588099,12.41482355,46.67622523,315,48.758278,0,0,0,0,0,0,0,1,0,0,0,,0,0,,0,0,0
12/11/2018,2.3,100.1485,700630,630227,10.56349206,8.270200244,12.6981221,10.97782418,294,48.758278,0,0,0,0,0,0,0,0,0,0,0,,0,0,,0,0,0
19/11/2018,2.3,100.1485,673919,609226,6.148359185,3.901129049,7.761686188,3.151843305,280,48.758278,0,0,0,0,0,0,0,0,0,0,0,,0,0,,0,0,0
26/11/2018,2.3,99.9577,741183,669365,8.481487942,5.744075075,10.71727523,42.07522405,294,51.670146,0,0,0,0,0,0,0,0,0,0,0,,0,0,,0,0,0
03/12/2018,2.1,99.9577,763868,689960,8.099729635,5.078689168,10.31052677,40.33087363,280,51.670146,0,0,0,0,0,0,0,0,0,0,0,,0,0,,0,0,0
10/12/2018,2.1,99.9577,671633,606414,4.624019452,2.310198364,6.81443259,22.5381085,280,51.670146,0,0,0,0,0,0,0,0,0,0,0,,0,0,,0,0,0
17/12/2018,2.1,99.9577,598825,539218,7.481781305,5.225492357,9.405615814,38.55099111,259,51.670146,0,0,0,0,0,0,0,0,0,0,0,,0,0,,0,0,0
24/12/2018,2.1,99.9577,1002158,885597,7.315950656,4.73915919,9.347437888,10.10846377,406,51.670146,0,0,0,0,0,0,0,0,1,1,0,,1,0,,0,0,0
31/12/2018,2.1,99.9577,135239,119049,8.669312169,7.833333333,9.378306878,0.483809524,64,51.670146,0,0,0,0,0,0,0,0,0,0,0,,1,0,,0,0,0